{"cameraMode":{"drawMode":0,"name":"Shaded","section":"Shading Mode"},"sceneLighting":false,"audioPlay":false,"sceneViewState":{"showFog":true,"showMaterialUpdate":true,"showSkybox":false,"showFlares":true,"showImageEffects":true,"showParticleSystems":true},"in2DMode":false,"pivot":{"x":0.0,"y":1.2446999549865723,"z":0.044618576765060428},"rotation":{"x":0.06929990649223328,"y":0.7095285058021545,"z":-0.07047373056411743,"w":0.6977106332778931},"size":1.0535527467727662,"orthographic":true}